name,objective,a,b,min_f,min_x
benchmark2,x^3+2*x-10,-5,2,0,0
benchmark,1./(7.26231 * (10. * x - 1.34364)^2 + 0.25275) + 1./(3.96356 * (10. * x - 2.55069)^2 + 0.1899) + 1./(6.64323 * (10. * x - 6.51593)^2 + 0.11877) + 1./(7.13707 * (10. * x - 0.28347)^2 + 0.18655) + 1./(1.00844 * (10. * x - 7.6228)^2 + 0.18908) + 1./(2.12438 * (10. * x - 7.2154)^2 + 0.28905) + 1./(1.1261 * (10. * x - 9.01427)^2 + 0.10509) + 1./(8.2846 * (10. * x - 5.41412)^2 + 0.17624) + 1./(3.4012 * (10. * x - 2.16599)^2 + 0.10581) + 1./(3.51853 * (10. * x - 2.21692)^2 + 0.19916)-2,0,1,0,0



